codigo_boya,nombre_boya,fecha,Hs_predicha_m,banda_inferior_p10_m,banda_superior_p90_m,modelo,MAE_validacion_m,anio,mes,nombre_mes
1103,Bilbao costera,2027-01-01,1.945,1.674,2.322,Holt-Winters aditivo amortiguado,0.174,2027,1,Enero
1103,Bilbao costera,2027-02-01,1.771,1.501,2.148,Holt-Winters aditivo amortiguado,0.174,2027,2,Febrero
1103,Bilbao costera,2027-03-01,1.597,1.326,1.974,Holt-Winters aditivo amortiguado,0.174,2027,3,Marzo
1103,Bilbao costera,2027-04-01,1.274,1.003,1.651,Holt-Winters aditivo amortiguado,0.174,2027,4,Abril
1103,Bilbao costera,2027-05-01,1.159,0.888,1.536,Holt-Winters aditivo amortiguado,0.174,2027,5,Mayo
1103,Bilbao costera,2027-06-01,1.03,0.759,1.407,Holt-Winters aditivo amortiguado,0.174,2027,6,Junio
1103,Bilbao costera,2027-07-01,1.022,0.752,1.4,Holt-Winters aditivo amortiguado,0.174,2027,7,Julio
1103,Bilbao costera,2027-08-01,1.097,0.826,1.474,Holt-Winters aditivo amortiguado,0.174,2027,8,Agosto
1103,Bilbao costera,2027-09-01,1.257,0.986,1.634,Holt-Winters aditivo amortiguado,0.174,2027,9,Septiembre
1103,Bilbao costera,2027-10-01,1.344,1.074,1.721,Holt-Winters aditivo amortiguado,0.174,2027,10,Octubre
1103,Bilbao costera,2027-11-01,1.992,1.722,2.369,Holt-Winters aditivo amortiguado,0.174,2027,11,Noviembre
1103,Bilbao costera,2027-12-01,1.975,1.704,2.352,Holt-Winters aditivo amortiguado,0.174,2027,12,Diciembre
1117,Gijón costera,2027-01-01,2.093,1.715,2.311,Holt-Winters aditivo amortiguado,0.188,2027,1,Enero
1117,Gijón costera,2027-02-01,2.082,1.704,2.3,Holt-Winters aditivo amortiguado,0.188,2027,2,Febrero
1117,Gijón costera,2027-03-01,1.836,1.458,2.053,Holt-Winters aditivo amortiguado,0.188,2027,3,Marzo
1117,Gijón costera,2027-04-01,1.511,1.133,1.728,Holt-Winters aditivo amortiguado,0.188,2027,4,Abril
1117,Gijón costera,2027-05-01,1.316,0.938,1.534,Holt-Winters aditivo amortiguado,0.188,2027,5,Mayo
1117,Gijón costera,2027-06-01,1.142,0.764,1.36,Holt-Winters aditivo amortiguado,0.188,2027,6,Junio
1117,Gijón costera,2027-07-01,1.126,0.748,1.344,Holt-Winters aditivo amortiguado,0.188,2027,7,Julio
1117,Gijón costera,2027-08-01,1.214,0.836,1.431,Holt-Winters aditivo amortiguado,0.188,2027,8,Agosto
1117,Gijón costera,2027-09-01,1.419,1.041,1.637,Holt-Winters aditivo amortiguado,0.188,2027,9,Septiembre
1117,Gijón costera,2027-10-01,1.57,1.192,1.788,Holt-Winters aditivo amortiguado,0.188,2027,10,Octubre
1117,Gijón costera,2027-11-01,2.15,1.772,2.368,Holt-Winters aditivo amortiguado,0.188,2027,11,Noviembre
1117,Gijón costera,2027-12-01,2.104,1.726,2.322,Holt-Winters aditivo amortiguado,0.188,2027,12,Diciembre
2136,Bilbao-Vizcaya,2027-01-01,2.793,2.036,3.076,Holt-Winters aditivo amortiguado,0.286,2027,1,Enero
2136,Bilbao-Vizcaya,2027-02-01,2.839,2.083,3.122,Holt-Winters aditivo amortiguado,0.286,2027,2,Febrero
2136,Bilbao-Vizcaya,2027-03-01,2.396,1.64,2.679,Holt-Winters aditivo amortiguado,0.286,2027,3,Marzo
2136,Bilbao-Vizcaya,2027-04-01,1.738,0.982,2.021,Holt-Winters aditivo amortiguado,0.286,2027,4,Abril
2136,Bilbao-Vizcaya,2027-05-01,1.522,0.765,1.804,Holt-Winters aditivo amortiguado,0.286,2027,5,Mayo
2136,Bilbao-Vizcaya,2027-06-01,1.313,0.556,1.595,Holt-Winters aditivo amortiguado,0.286,2027,6,Junio
2136,Bilbao-Vizcaya,2027-07-01,1.275,0.519,1.558,Holt-Winters aditivo amortiguado,0.286,2027,7,Julio
2136,Bilbao-Vizcaya,2027-08-01,1.365,0.609,1.648,Holt-Winters aditivo amortiguado,0.286,2027,8,Agosto
2136,Bilbao-Vizcaya,2027-09-01,1.61,0.854,1.893,Holt-Winters aditivo amortiguado,0.286,2027,9,Septiembre
2136,Bilbao-Vizcaya,2027-10-01,1.888,1.131,2.171,Holt-Winters aditivo amortiguado,0.286,2027,10,Octubre
2136,Bilbao-Vizcaya,2027-11-01,2.488,1.731,2.771,Holt-Winters aditivo amortiguado,0.286,2027,11,Noviembre
2136,Bilbao-Vizcaya,2027-12-01,2.613,1.856,2.896,Holt-Winters aditivo amortiguado,0.286,2027,12,Diciembre
2242,Cabo de Peñas,2027-01-01,2.877,2.29,3.054,Holt-Winters aditivo amortiguado,0.28,2027,1,Enero
2242,Cabo de Peñas,2027-02-01,2.991,2.404,3.168,Holt-Winters aditivo amortiguado,0.28,2027,2,Febrero
2242,Cabo de Peñas,2027-03-01,2.49,1.903,2.666,Holt-Winters aditivo amortiguado,0.28,2027,3,Marzo
2242,Cabo de Peñas,2027-04-01,1.88,1.294,2.057,Holt-Winters aditivo amortiguado,0.28,2027,4,Abril
2242,Cabo de Peñas,2027-05-01,1.641,1.054,1.818,Holt-Winters aditivo amortiguado,0.28,2027,5,Mayo
2242,Cabo de Peñas,2027-06-01,1.391,0.804,1.567,Holt-Winters aditivo amortiguado,0.28,2027,6,Junio
2242,Cabo de Peñas,2027-07-01,1.352,0.765,1.529,Holt-Winters aditivo amortiguado,0.28,2027,7,Julio
2242,Cabo de Peñas,2027-08-01,1.427,0.84,1.603,Holt-Winters aditivo amortiguado,0.28,2027,8,Agosto
2242,Cabo de Peñas,2027-09-01,1.684,1.097,1.861,Holt-Winters aditivo amortiguado,0.28,2027,9,Septiembre
2242,Cabo de Peñas,2027-10-01,1.98,1.393,2.157,Holt-Winters aditivo amortiguado,0.28,2027,10,Octubre
2242,Cabo de Peñas,2027-11-01,2.634,2.048,2.811,Holt-Winters aditivo amortiguado,0.28,2027,11,Noviembre
2242,Cabo de Peñas,2027-12-01,2.736,2.149,2.913,Holt-Winters aditivo amortiguado,0.28,2027,12,Diciembre
