codigo_boya,nombre_boya,mes,sector,frecuencia_media_pct
1103,Bilbao costera,1,E,0.036788988401891626
1103,Bilbao costera,1,N,17.964360075362602
1103,Bilbao costera,1,NE,1.228849049975567
1103,Bilbao costera,1,NO,79.33616958927794
1103,Bilbao costera,1,O,0.5588115389513866
1103,Bilbao costera,1,S,0.3577504951459551
1103,Bilbao costera,1,SE,0.012218963831867057
1103,Bilbao costera,1,SO,0.5050512990527812
1103,Bilbao costera,2,E,0.3257909237736327
1103,Bilbao costera,2,N,26.72280832048637
1103,Bilbao costera,2,NE,2.0271690477925777
1103,Bilbao costera,2,NO,69.68240692728519
1103,Bilbao costera,2,O,0.6764030468243393
1103,Bilbao costera,2,S,0.08982908319976583
1103,Bilbao costera,2,SE,0.1998751728578818
1103,Bilbao costera,2,SO,0.27571747778025946
1103,Bilbao costera,3,E,0.33442119282517996
1103,Bilbao costera,3,N,22.75624314644325
1103,Bilbao costera,3,NE,1.906957024426877
1103,Bilbao costera,3,NO,73.2946406090083
1103,Bilbao costera,3,O,0.8043014704094003
1103,Bilbao costera,3,S,0.2798068291528899
1103,Bilbao costera,3,SE,0.35203638321601644
1103,Bilbao costera,3,SO,0.2715933445181008
1103,Bilbao costera,4,E,0.12397428311272146
1103,Bilbao costera,4,N,25.59558910817007
1103,Bilbao costera,4,NE,2.447767802490992
1103,Bilbao costera,4,NO,71.06694613491307
1103,Bilbao costera,4,O,0.37703892338928247
1103,Bilbao costera,4,S,0.13267045915100228
1103,Bilbao costera,4,SE,0.13295690503016694
1103,Bilbao costera,4,SO,0.12305638374269372
1103,Bilbao costera,5,E,0.0180842193037315
1103,Bilbao costera,5,N,21.305441244852084
1103,Bilbao costera,5,NE,2.2947070274775268
1103,Bilbao costera,5,NO,75.40076401470327
1103,Bilbao costera,5,O,0.4757337500893919
1103,Bilbao costera,5,S,0.13469248090466826
1103,Bilbao costera,5,SE,0.03372716214487909
1103,Bilbao costera,5,SO,0.3368501005244618
1103,Bilbao costera,6,E,0.0
1103,Bilbao costera,6,N,22.03060096002427
1103,Bilbao costera,6,NE,2.3324335121285715
1103,Bilbao costera,6,NO,75.20811035130129
1103,Bilbao costera,6,O,0.21515601196839484
1103,Bilbao costera,6,S,0.11143374278473629
1103,Bilbao costera,6,SE,0.009298000929800095
1103,Bilbao costera,6,SO,0.09296742086295622
1103,Bilbao costera,7,E,0.0
1103,Bilbao costera,7,N,21.65314677910372
1103,Bilbao costera,7,NE,0.9421337062353126
1103,Bilbao costera,7,NO,77.33899438944293
1103,Bilbao costera,7,O,0.06572512521803185
1103,Bilbao costera,7,S,0.0
1103,Bilbao costera,7,SE,0.0
1103,Bilbao costera,7,SO,0.0
1103,Bilbao costera,8,E,0.016960651289009494
1103,Bilbao costera,8,N,22.600108265263234
1103,Bilbao costera,8,NE,1.00886874612289
1103,Bilbao costera,8,NO,76.1026347344039
1103,Bilbao costera,8,O,0.15241749759175352
1103,Bilbao costera,8,S,0.04269860316072322
1103,Bilbao costera,8,SE,0.0
1103,Bilbao costera,8,SO,0.07631150216847268
1103,Bilbao costera,9,E,0.05243548063202748
1103,Bilbao costera,9,N,22.940804450195316
1103,Bilbao costera,9,NE,1.4674025167358256
1103,Bilbao costera,9,NO,74.80460528736198
1103,Bilbao costera,9,O,0.5166231309168545
1103,Bilbao costera,9,S,0.04363307698900602
1103,Bilbao costera,9,SE,0.02617497643034681
1103,Bilbao costera,9,SO,0.14832108073864236
1103,Bilbao costera,10,E,0.1817231378558419
1103,Bilbao costera,10,N,17.135390389917355
1103,Bilbao costera,10,NE,1.8512987334573336
1103,Bilbao costera,10,NO,78.61722419070648
1103,Bilbao costera,10,O,1.21005608233551
1103,Bilbao costera,10,S,0.369623277099714
1103,Bilbao costera,10,SE,0.16323888477492662
1103,Bilbao costera,10,SO,0.47144530385284084
1103,Bilbao costera,11,E,0.13947153535902826
1103,Bilbao costera,11,N,13.530030911296608
1103,Bilbao costera,11,NE,1.5495678755696545
1103,Bilbao costera,11,NO,83.72999545466718
1103,Bilbao costera,11,O,0.8931244565551728
1103,Bilbao costera,11,S,0.027868682146382006
1103,Bilbao costera,11,SE,0.02799832818552707
1103,Bilbao costera,11,SO,0.10194275622045607
1103,Bilbao costera,12,E,0.4602173870781865
1103,Bilbao costera,12,N,16.711978654355995
1103,Bilbao costera,12,NE,2.3256294344231536
1103,Bilbao costera,12,NO,76.96429599625904
1103,Bilbao costera,12,O,1.670389989238165
1103,Bilbao costera,12,S,0.542827385437152
1103,Bilbao costera,12,SE,0.5456681996629126
1103,Bilbao costera,12,SO,0.7789929535454058
1117,Gijón costera,1,E,0.7413960918083405
1117,Gijón costera,1,N,27.5114335028269
1117,Gijón costera,1,NE,13.222222624973856
1117,Gijón costera,1,NO,58.51598720691422
1117,Gijón costera,1,O,0.008960573476702509
1117,Gijón costera,1,S,0.0
1117,Gijón costera,1,SE,0.0
1117,Gijón costera,1,SO,0.0
1117,Gijón costera,2,E,0.2753145430028769
1117,Gijón costera,2,N,30.487641432483976
1117,Gijón costera,2,NE,12.043638615681646
1117,Gijón costera,2,NO,57.154020605455756
1117,Gijón costera,2,O,0.03938480337575871
1117,Gijón costera,2,S,0.0
1117,Gijón costera,2,SE,0.0
1117,Gijón costera,2,SO,0.0
1117,Gijón costera,3,E,2.173736319405366
1117,Gijón costera,3,N,31.934752930933527
1117,Gijón costera,3,NE,10.833539662378614
1117,Gijón costera,3,NO,55.00362665637098
1117,Gijón costera,3,O,0.0363991639756636
1117,Gijón costera,3,S,0.008972633467922837
1117,Gijón costera,3,SE,0.0
1117,Gijón costera,3,SO,0.008972633467922837
1117,Gijón costera,4,E,1.2714104897449616
1117,Gijón costera,4,N,32.06552860981978
1117,Gijón costera,4,NE,13.144360378477062
1117,Gijón costera,4,NO,53.51053058731768
1117,Gijón costera,4,O,0.008169934640522878
1117,Gijón costera,4,S,0.0
1117,Gijón costera,4,SE,0.0
1117,Gijón costera,4,SO,0.0
1117,Gijón costera,5,E,1.6704496919656449
1117,Gijón costera,5,N,33.321004362042494
1117,Gijón costera,5,NE,10.808812386463552
1117,Gijón costera,5,NO,54.18280592516522
1117,Gijón costera,5,O,0.016927634363097757
1117,Gijón costera,5,S,0.0
1117,Gijón costera,5,SE,0.0
1117,Gijón costera,5,SO,0.0
1117,Gijón costera,6,E,0.5716811201327187
1117,Gijón costera,6,N,31.161495619935067
1117,Gijón costera,6,NE,10.246784071123173
1117,Gijón costera,6,NO,57.96190617500386
1117,Gijón costera,6,O,0.04968135728050333
1117,Gijón costera,6,S,0.0
1117,Gijón costera,6,SE,0.0
1117,Gijón costera,6,SO,0.008451656524678837
1117,Gijón costera,7,E,0.3073588318725044
1117,Gijón costera,7,N,30.2413116973825
1117,Gijón costera,7,NE,7.90761711207238
1117,Gijón costera,7,NO,61.52673887096083
1117,Gijón costera,7,O,0.016973487711794098
1117,Gijón costera,7,S,0.0
1117,Gijón costera,7,SE,0.0
1117,Gijón costera,7,SO,0.0
1117,Gijón costera,8,E,0.19101996115942585
1117,Gijón costera,8,N,32.385346195459555
1117,Gijón costera,8,NE,9.733164681836062
1117,Gijón costera,8,NO,57.68256277318314
1117,Gijón costera,8,O,0.007906388361796331
1117,Gijón costera,8,S,0.0
1117,Gijón costera,8,SE,0.0
1117,Gijón costera,8,SO,0.0
1117,Gijón costera,9,E,0.18341267977051692
1117,Gijón costera,9,N,35.2655635138086
1117,Gijón costera,9,NE,11.129464480378028
1117,Gijón costera,9,NO,53.39951706892219
1117,Gijón costera,9,O,0.02204225712066852
1117,Gijón costera,9,S,0.0
1117,Gijón costera,9,SE,0.0
1117,Gijón costera,9,SO,0.0
1117,Gijón costera,10,E,0.7426978446351504
1117,Gijón costera,10,N,30.561337724880538
1117,Gijón costera,10,NE,10.980589513454051
1117,Gijón costera,10,NO,57.65846334046089
1117,Gijón costera,10,O,0.007074136955291454
1117,Gijón costera,10,S,0.007180297264306743
1117,Gijón costera,10,SE,0.0426571423497793
1117,Gijón costera,10,SO,0.0
1117,Gijón costera,11,E,0.524454123273792
1117,Gijón costera,11,N,29.434156145115377
1117,Gijón costera,11,NE,7.293357826260251
1117,Gijón costera,11,NO,62.562456034120686
1117,Gijón costera,11,O,0.1623300515705579
1117,Gijón costera,11,S,0.00781372089388967
1117,Gijón costera,11,SE,0.0
1117,Gijón costera,11,SO,0.015432098765432098
1117,Gijón costera,12,E,0.7813812336670845
1117,Gijón costera,12,N,27.939139621643356
1117,Gijón costera,12,NE,11.725256282335101
1117,Gijón costera,12,NO,59.44141935285709
1117,Gijón costera,12,O,0.04947791442192423
1117,Gijón costera,12,S,0.02374044742283663
1117,Gijón costera,12,SE,0.0
1117,Gijón costera,12,SO,0.03958514765260074
2136,Bilbao-Vizcaya,1,E,0.4416175270451864
2136,Bilbao-Vizcaya,1,N,11.30506315141404
2136,Bilbao-Vizcaya,1,NE,2.137629601335164
2136,Bilbao-Vizcaya,1,NO,72.12105550028551
2136,Bilbao-Vizcaya,1,O,12.201936249386367
2136,Bilbao-Vizcaya,1,S,0.39310490336347703
2136,Bilbao-Vizcaya,1,SE,0.14223957630398426
2136,Bilbao-Vizcaya,1,SO,1.2573534908662711
2136,Bilbao-Vizcaya,2,E,0.5615321369556628
2136,Bilbao-Vizcaya,2,N,9.332142453888512
2136,Bilbao-Vizcaya,2,NE,1.422464884251645
2136,Bilbao-Vizcaya,2,NO,69.79847149229755
2136,Bilbao-Vizcaya,2,O,17.239407111436535
2136,Bilbao-Vizcaya,2,S,0.4368489727149559
2136,Bilbao-Vizcaya,2,SE,0.43297260464003684
2136,Bilbao-Vizcaya,2,SO,0.77616034381512
2136,Bilbao-Vizcaya,3,E,0.7972968742103766
2136,Bilbao-Vizcaya,3,N,10.237296894345329
2136,Bilbao-Vizcaya,3,NE,2.0489208573315016
2136,Bilbao-Vizcaya,3,NO,69.5387634476664
2136,Bilbao-Vizcaya,3,O,15.47303705205475
2136,Bilbao-Vizcaya,3,S,0.533312625527954
2136,Bilbao-Vizcaya,3,SE,0.7551553771693353
2136,Bilbao-Vizcaya,3,SO,0.6162168716943585
2136,Bilbao-Vizcaya,4,E,0.7547311766468507
2136,Bilbao-Vizcaya,4,N,13.353676336701266
2136,Bilbao-Vizcaya,4,NE,4.163974567725446
2136,Bilbao-Vizcaya,4,NO,66.39500850166507
2136,Bilbao-Vizcaya,4,O,14.265115166618662
2136,Bilbao-Vizcaya,4,S,0.36174382504675334
2136,Bilbao-Vizcaya,4,SE,0.3948023508768634
2136,Bilbao-Vizcaya,4,SO,0.3109480747190813
2136,Bilbao-Vizcaya,5,E,0.5459455342465932
2136,Bilbao-Vizcaya,5,N,9.779432608977881
2136,Bilbao-Vizcaya,5,NE,2.6189110305345746
2136,Bilbao-Vizcaya,5,NO,72.1664832149644
2136,Bilbao-Vizcaya,5,O,13.75840105138844
2136,Bilbao-Vizcaya,5,S,0.16614071069693856
2136,Bilbao-Vizcaya,5,SE,0.17396185497936242
2136,Bilbao-Vizcaya,5,SO,0.7907239942118193
2136,Bilbao-Vizcaya,6,E,0.5406618634594659
2136,Bilbao-Vizcaya,6,N,12.103204778190428
2136,Bilbao-Vizcaya,6,NE,3.332327326637942
2136,Bilbao-Vizcaya,6,NO,72.29441072538815
2136,Bilbao-Vizcaya,6,O,11.310128586998042
2136,Bilbao-Vizcaya,6,S,0.07638888888888887
2136,Bilbao-Vizcaya,6,SE,0.04166666666666666
2136,Bilbao-Vizcaya,6,SO,0.3012111637704054
2136,Bilbao-Vizcaya,7,E,0.22853987300302633
2136,Bilbao-Vizcaya,7,N,13.586888031123701
2136,Bilbao-Vizcaya,7,NE,1.3719829536862336
2136,Bilbao-Vizcaya,7,NO,79.29728891219962
2136,Bilbao-Vizcaya,7,O,5.488418509557311
2136,Bilbao-Vizcaya,7,S,0.006720430107526881
2136,Bilbao-Vizcaya,7,SE,0.006720430107526881
2136,Bilbao-Vizcaya,7,SO,0.013440860215053762
2136,Bilbao-Vizcaya,8,E,0.36567510810625575
2136,Bilbao-Vizcaya,8,N,13.715920650865813
2136,Bilbao-Vizcaya,8,NE,2.5211223801046225
2136,Bilbao-Vizcaya,8,NO,76.90638762219625
2136,Bilbao-Vizcaya,8,O,6.282777402635124
2136,Bilbao-Vizcaya,8,S,0.0505110871651029
2136,Bilbao-Vizcaya,8,SE,0.028306068866866072
2136,Bilbao-Vizcaya,8,SO,0.12929968005997108
2136,Bilbao-Vizcaya,9,E,0.47421071953010274
2136,Bilbao-Vizcaya,9,N,14.573754638753206
2136,Bilbao-Vizcaya,9,NE,3.221737717093346
2136,Bilbao-Vizcaya,9,NO,70.38803084030108
2136,Bilbao-Vizcaya,9,O,10.207903388601352
2136,Bilbao-Vizcaya,9,S,0.30110368563880263
2136,Bilbao-Vizcaya,9,SE,0.14587196723844847
2136,Bilbao-Vizcaya,9,SO,0.6873870428436526
2136,Bilbao-Vizcaya,10,E,1.541662257251388
2136,Bilbao-Vizcaya,10,N,9.574448969993126
2136,Bilbao-Vizcaya,10,NE,2.9786595288881683
2136,Bilbao-Vizcaya,10,NO,66.09249341893302
2136,Bilbao-Vizcaya,10,O,16.628058223166093
2136,Bilbao-Vizcaya,10,S,1.0604853983493328
2136,Bilbao-Vizcaya,10,SE,0.9294544420565183
2136,Bilbao-Vizcaya,10,SO,1.1947377613623593
2136,Bilbao-Vizcaya,11,E,1.3796547472309566
2136,Bilbao-Vizcaya,11,N,9.312982180799702
2136,Bilbao-Vizcaya,11,NE,2.7187135860653786
2136,Bilbao-Vizcaya,11,NO,68.50005266341923
2136,Bilbao-Vizcaya,11,O,15.812879155788307
2136,Bilbao-Vizcaya,11,S,0.666247084257837
2136,Bilbao-Vizcaya,11,SE,0.4681382346841392
2136,Bilbao-Vizcaya,11,SO,1.1413323477544501
2136,Bilbao-Vizcaya,12,E,0.9932673871020047
2136,Bilbao-Vizcaya,12,N,9.900530508669966
2136,Bilbao-Vizcaya,12,NE,3.1463175188830004
2136,Bilbao-Vizcaya,12,NO,65.60657162031593
2136,Bilbao-Vizcaya,12,O,15.94958371143371
2136,Bilbao-Vizcaya,12,S,1.494710283181427
2136,Bilbao-Vizcaya,12,SE,0.7788970685578986
2136,Bilbao-Vizcaya,12,SO,2.1301219018560573
2242,Cabo de Peñas,1,E,1.7025210205646968
2242,Cabo de Peñas,1,N,11.596803257353237
2242,Cabo de Peñas,1,NE,10.040175759835506
2242,Cabo de Peñas,1,NO,72.48495509476284
2242,Cabo de Peñas,1,O,4.1755448674837226
2242,Cabo de Peñas,1,S,0.0
2242,Cabo de Peñas,1,SE,0.0
2242,Cabo de Peñas,1,SO,0.0
2242,Cabo de Peñas,2,E,0.4652435686918445
2242,Cabo de Peñas,2,N,13.506885937820662
2242,Cabo de Peñas,2,NE,8.405695189789377
2242,Cabo de Peñas,2,NO,72.6722568101633
2242,Cabo de Peñas,2,O,4.917660429018677
2242,Cabo de Peñas,2,S,0.021505376344086016
2242,Cabo de Peñas,2,SE,0.0
2242,Cabo de Peñas,2,SO,0.010752688172043008
2242,Cabo de Peñas,3,E,2.5892297883763593
2242,Cabo de Peñas,3,N,15.02386356010493
2242,Cabo de Peñas,3,NE,7.683519675914123
2242,Cabo de Peñas,3,NO,65.00461581403056
2242,Cabo de Peñas,3,O,9.698771161574028
2242,Cabo de Peñas,3,S,0.0
2242,Cabo de Peñas,3,SE,0.0
2242,Cabo de Peñas,3,SO,0.0
2242,Cabo de Peñas,4,E,2.8519214124885592
2242,Cabo de Peñas,4,N,20.260821041465828
2242,Cabo de Peñas,4,NE,12.124195771663533
2242,Cabo de Peñas,4,NO,59.47200596390231
2242,Cabo de Peñas,4,O,5.291055810479773
2242,Cabo de Peñas,4,S,0.0
2242,Cabo de Peñas,4,SE,0.0
2242,Cabo de Peñas,4,SO,0.0
2242,Cabo de Peñas,5,E,2.849369658481921
2242,Cabo de Peñas,5,N,18.610840629030065
2242,Cabo de Peñas,5,NE,9.152734417886972
2242,Cabo de Peñas,5,NO,62.84509886245794
2242,Cabo de Peñas,5,O,6.541956432143117
2242,Cabo de Peñas,5,S,0.0
2242,Cabo de Peñas,5,SE,0.0
2242,Cabo de Peñas,5,SO,0.0
2242,Cabo de Peñas,6,E,1.5421691226638325
2242,Cabo de Peñas,6,N,20.795023715434432
2242,Cabo de Peñas,6,NE,9.42107828244993
2242,Cabo de Peñas,6,NO,63.66285353431749
2242,Cabo de Peñas,6,O,4.5788753451343105
2242,Cabo de Peñas,6,S,0.0
2242,Cabo de Peñas,6,SE,0.0
2242,Cabo de Peñas,6,SO,0.0
2242,Cabo de Peñas,7,E,1.3860851726259618
2242,Cabo de Peñas,7,N,20.633719543375314
2242,Cabo de Peñas,7,NE,8.19384456666442
2242,Cabo de Peñas,7,NO,67.11440946572856
2242,Cabo de Peñas,7,O,2.6652208214982194
2242,Cabo de Peñas,7,S,0.0
2242,Cabo de Peñas,7,SE,0.006720430107526881
2242,Cabo de Peñas,7,SO,0.0
2242,Cabo de Peñas,8,E,1.0189425941785397
2242,Cabo de Peñas,8,N,22.708243847249673
2242,Cabo de Peñas,8,NE,10.176067555502181
2242,Cabo de Peñas,8,NO,63.113449397414094
2242,Cabo de Peñas,8,O,2.97590452996065
2242,Cabo de Peñas,8,S,0.0
2242,Cabo de Peñas,8,SE,0.0
2242,Cabo de Peñas,8,SO,0.007392075694855116
2242,Cabo de Peñas,9,E,0.703402681193015
2242,Cabo de Peñas,9,N,23.738111219207337
2242,Cabo de Peñas,9,NE,10.577904310376265
2242,Cabo de Peñas,9,NO,62.660480215833
2242,Cabo de Peñas,9,O,2.320101573390383
2242,Cabo de Peñas,9,S,0.0
2242,Cabo de Peñas,9,SE,0.0
2242,Cabo de Peñas,9,SO,0.0
2242,Cabo de Peñas,10,E,1.4164247903061673
2242,Cabo de Peñas,10,N,14.614488457725573
2242,Cabo de Peñas,10,NE,7.397571945299331
2242,Cabo de Peñas,10,NO,70.06242378918962
2242,Cabo de Peñas,10,O,6.473248723572491
2242,Cabo de Peñas,10,S,0.0
2242,Cabo de Peñas,10,SE,0.008960573476702509
2242,Cabo de Peñas,10,SO,0.026881720430107524
2242,Cabo de Peñas,11,E,0.6258516666574291
2242,Cabo de Peñas,11,N,15.098805080898178
2242,Cabo de Peñas,11,NE,6.8964980428561375
2242,Cabo de Peñas,11,NO,72.27998918587666
2242,Cabo de Peñas,11,O,5.090686089071085
2242,Cabo de Peñas,11,S,0.0
2242,Cabo de Peñas,11,SE,0.0
2242,Cabo de Peñas,11,SO,0.008169934640522878
2242,Cabo de Peñas,12,E,1.6011849841556016
2242,Cabo de Peñas,12,N,11.632398461503268
2242,Cabo de Peñas,12,NE,9.543879234851557
2242,Cabo de Peñas,12,NO,69.22655460810066
2242,Cabo de Peñas,12,O,7.995982711388926
2242,Cabo de Peñas,12,S,0.0
2242,Cabo de Peñas,12,SE,0.0
2242,Cabo de Peñas,12,SO,0.0
