codigo_boya,nombre_boya,fecha,nombre_mes,estacion,Hs_predicha_m,banda_inferior_p10_m,banda_superior_p90_m,MAE_validacion_m,ranking_Hs_2027,Hs_p95_historico_m,porcentaje_horas_Hs_ge_3,sector_predominante_historico,frecuencia_sector_predominante_pct,modelo
1103,Bilbao costera,2027-01-01,Enero,Invierno,1.94,1.67,2.32,0.17,3,4.04,15.77,NO,79.34,Holt-Winters aditivo amortiguado
1103,Bilbao costera,2027-02-01,Febrero,Invierno,1.77,1.5,2.15,0.17,4,3.59,10.84,NO,69.68,Holt-Winters aditivo amortiguado
1103,Bilbao costera,2027-03-01,Marzo,Primavera,1.6,1.33,1.97,0.17,5,3.29,7.49,NO,73.29,Holt-Winters aditivo amortiguado
1103,Bilbao costera,2027-04-01,Abril,Primavera,1.27,1.0,1.65,0.17,7,2.52,2.25,NO,71.07,Holt-Winters aditivo amortiguado
1103,Bilbao costera,2027-05-01,Mayo,Primavera,1.16,0.89,1.54,0.17,9,2.29,1.38,NO,75.4,Holt-Winters aditivo amortiguado
1103,Bilbao costera,2027-06-01,Junio,Verano,1.03,0.76,1.41,0.17,11,1.91,0.31,NO,75.21,Holt-Winters aditivo amortiguado
1103,Bilbao costera,2027-07-01,Julio,Verano,1.02,0.75,1.4,0.17,12,1.85,0.19,NO,77.34,Holt-Winters aditivo amortiguado
1103,Bilbao costera,2027-08-01,Agosto,Verano,1.1,0.83,1.47,0.17,10,2.04,0.59,NO,76.1,Holt-Winters aditivo amortiguado
1103,Bilbao costera,2027-09-01,Septiembre,Otoño,1.26,0.99,1.63,0.17,8,2.41,1.13,NO,74.8,Holt-Winters aditivo amortiguado
1103,Bilbao costera,2027-10-01,Octubre,Otoño,1.34,1.07,1.72,0.17,6,2.83,3.63,NO,78.62,Holt-Winters aditivo amortiguado
1103,Bilbao costera,2027-11-01,Noviembre,Otoño,1.99,1.72,2.37,0.17,1,3.9,15.15,NO,83.73,Holt-Winters aditivo amortiguado
1103,Bilbao costera,2027-12-01,Diciembre,Invierno,1.98,1.7,2.35,0.17,2,4.05,14.98,NO,76.96,Holt-Winters aditivo amortiguado
1117,Gijón costera,2027-01-01,Enero,Invierno,2.09,1.72,2.31,0.19,3,4.16,17.68,NO,58.52,Holt-Winters aditivo amortiguado
1117,Gijón costera,2027-02-01,Febrero,Invierno,2.08,1.7,2.3,0.19,4,3.98,17.18,NO,57.15,Holt-Winters aditivo amortiguado
1117,Gijón costera,2027-03-01,Marzo,Primavera,1.84,1.46,2.05,0.19,5,3.4,10.04,NO,55.0,Holt-Winters aditivo amortiguado
1117,Gijón costera,2027-04-01,Abril,Primavera,1.51,1.13,1.73,0.19,7,2.82,3.53,NO,53.51,Holt-Winters aditivo amortiguado
1117,Gijón costera,2027-05-01,Mayo,Primavera,1.32,0.94,1.53,0.19,9,2.52,1.91,NO,54.18,Holt-Winters aditivo amortiguado
1117,Gijón costera,2027-06-01,Junio,Verano,1.14,0.76,1.36,0.19,11,2.15,0.63,NO,57.96,Holt-Winters aditivo amortiguado
1117,Gijón costera,2027-07-01,Julio,Verano,1.13,0.75,1.34,0.19,12,2.03,0.35,NO,61.53,Holt-Winters aditivo amortiguado
1117,Gijón costera,2027-08-01,Agosto,Verano,1.21,0.84,1.43,0.19,10,2.19,0.58,NO,57.68,Holt-Winters aditivo amortiguado
1117,Gijón costera,2027-09-01,Septiembre,Otoño,1.42,1.04,1.64,0.19,8,2.59,2.07,NO,53.4,Holt-Winters aditivo amortiguado
1117,Gijón costera,2027-10-01,Octubre,Otoño,1.57,1.19,1.79,0.19,6,3.1,5.73,NO,57.66,Holt-Winters aditivo amortiguado
1117,Gijón costera,2027-11-01,Noviembre,Otoño,2.15,1.77,2.37,0.19,1,4.04,17.95,NO,62.56,Holt-Winters aditivo amortiguado
1117,Gijón costera,2027-12-01,Diciembre,Invierno,2.1,1.73,2.32,0.19,2,4.31,17.09,NO,59.44,Holt-Winters aditivo amortiguado
2136,Bilbao-Vizcaya,2027-01-01,Enero,Invierno,2.79,2.04,3.08,0.29,2,5.8,35.16,NO,72.12,Holt-Winters aditivo amortiguado
2136,Bilbao-Vizcaya,2027-02-01,Febrero,Invierno,2.84,2.08,3.12,0.29,1,5.75,36.66,NO,69.8,Holt-Winters aditivo amortiguado
2136,Bilbao-Vizcaya,2027-03-01,Marzo,Primavera,2.4,1.64,2.68,0.29,5,4.99,24.26,NO,69.54,Holt-Winters aditivo amortiguado
2136,Bilbao-Vizcaya,2027-04-01,Abril,Primavera,1.74,0.98,2.02,0.29,7,3.61,9.72,NO,66.4,Holt-Winters aditivo amortiguado
2136,Bilbao-Vizcaya,2027-05-01,Mayo,Primavera,1.52,0.76,1.8,0.29,9,3.1,5.69,NO,72.17,Holt-Winters aditivo amortiguado
2136,Bilbao-Vizcaya,2027-06-01,Junio,Verano,1.31,0.56,1.6,0.29,11,2.51,2.29,NO,72.29,Holt-Winters aditivo amortiguado
2136,Bilbao-Vizcaya,2027-07-01,Julio,Verano,1.27,0.52,1.56,0.29,12,2.42,1.84,NO,79.3,Holt-Winters aditivo amortiguado
2136,Bilbao-Vizcaya,2027-08-01,Agosto,Verano,1.36,0.61,1.65,0.29,10,2.65,2.92,NO,76.91,Holt-Winters aditivo amortiguado
2136,Bilbao-Vizcaya,2027-09-01,Septiembre,Otoño,1.61,0.85,1.89,0.29,8,3.31,7.27,NO,70.39,Holt-Winters aditivo amortiguado
2136,Bilbao-Vizcaya,2027-10-01,Octubre,Otoño,1.89,1.13,2.17,0.29,6,3.83,12.51,NO,66.09,Holt-Winters aditivo amortiguado
2136,Bilbao-Vizcaya,2027-11-01,Noviembre,Otoño,2.49,1.73,2.77,0.29,4,4.89,28.59,NO,68.5,Holt-Winters aditivo amortiguado
2136,Bilbao-Vizcaya,2027-12-01,Diciembre,Invierno,2.61,1.86,2.9,0.29,3,5.42,32.13,NO,65.61,Holt-Winters aditivo amortiguado
2242,Cabo de Peñas,2027-01-01,Enero,Invierno,2.88,2.29,3.05,0.28,2,5.7,35.58,NO,72.48,Holt-Winters aditivo amortiguado
2242,Cabo de Peñas,2027-02-01,Febrero,Invierno,2.99,2.4,3.17,0.28,1,5.98,40.37,NO,72.67,Holt-Winters aditivo amortiguado
2242,Cabo de Peñas,2027-03-01,Marzo,Primavera,2.49,1.9,2.67,0.28,5,4.68,26.94,NO,65.0,Holt-Winters aditivo amortiguado
2242,Cabo de Peñas,2027-04-01,Abril,Primavera,1.88,1.29,2.06,0.28,7,3.57,10.67,NO,59.47,Holt-Winters aditivo amortiguado
2242,Cabo de Peñas,2027-05-01,Mayo,Primavera,1.64,1.05,1.82,0.28,9,3.15,6.21,NO,62.85,Holt-Winters aditivo amortiguado
2242,Cabo de Peñas,2027-06-01,Junio,Verano,1.39,0.8,1.57,0.28,11,2.59,2.27,NO,63.66,Holt-Winters aditivo amortiguado
2242,Cabo de Peñas,2027-07-01,Julio,Verano,1.35,0.76,1.53,0.28,12,2.45,1.7,NO,67.11,Holt-Winters aditivo amortiguado
2242,Cabo de Peñas,2027-08-01,Agosto,Verano,1.43,0.84,1.6,0.28,10,2.62,2.66,NO,63.11,Holt-Winters aditivo amortiguado
2242,Cabo de Peñas,2027-09-01,Septiembre,Otoño,1.68,1.1,1.86,0.28,8,3.18,6.71,NO,62.66,Holt-Winters aditivo amortiguado
2242,Cabo de Peñas,2027-10-01,Octubre,Otoño,1.98,1.39,2.16,0.28,6,3.79,14.12,NO,70.06,Holt-Winters aditivo amortiguado
2242,Cabo de Peñas,2027-11-01,Noviembre,Otoño,2.63,2.05,2.81,0.28,4,4.85,34.45,NO,72.28,Holt-Winters aditivo amortiguado
2242,Cabo de Peñas,2027-12-01,Diciembre,Invierno,2.74,2.15,2.91,0.28,3,5.42,35.77,NO,69.23,Holt-Winters aditivo amortiguado
