mes,puerto,horas_restriccion,granel_solido_t,granel_liquido_t,mercancia_general_t,contenedores_teu,escalas_buque
2005-01,Bilbao,10.8,471548,1466199,1163169,41877,258
2005-02,Bilbao,12.5,461553,1790946,1084742,36601,213
2005-03,Bilbao,4.8,500923,1315317,1116547,54864,240
2005-04,Bilbao,0.0,609401,2014253,997229,39154,226
2005-05,Bilbao,0.0,409822,1361286,1161880,43334,240
2005-06,Bilbao,0.0,290965,1236006,946435,36608,232
2005-07,Bilbao,0.0,509848,1649465,907335,35864,230
2005-08,Bilbao,0.0,313234,1485050,1136832,36930,236
2005-09,Bilbao,0.0,398661,1696947,1313210,44309,227
2005-10,Bilbao,2.2,473488,1918369,1263186,58150,262
2005-11,Bilbao,10.5,606814,1567711,1100395,40844,263
2005-12,Bilbao,9.6,503743,1698451,1059040,41465,223
2006-01,Bilbao,11.1,516880,1807853,1133642,43216,247
2006-02,Bilbao,9.2,547649,1808590,978246,38538,229
2006-03,Bilbao,3.0,629326,1682557,1034680,50382,253
2006-04,Bilbao,0.0,511676,1901137,1078356,40001,240
2006-05,Bilbao,0.0,467468,1591935,1285520,41064,250
2006-06,Bilbao,0.0,437447,1266278,1113283,52675,231
2006-07,Bilbao,0.0,400701,1644263,1013406,40845,246
2006-08,Bilbao,0.0,456600,1508522,923563,37112,233
2006-09,Bilbao,0.0,408864,1839656,943577,48597,254
2006-10,Bilbao,3.2,460372,2102373,1268377,48725,248
2006-11,Bilbao,7.4,474914,1679035,1033438,45492,235
2006-12,Bilbao,17.1,588103,1567801,1393912,43353,254
2007-01,Bilbao,13.9,627264,1940122,1115982,37906,268
2007-02,Bilbao,11.6,512278,1901427,1085445,41450,260
2007-03,Bilbao,1.6,602903,1507191,1069634,53186,253
2007-04,Bilbao,0.0,567495,1391980,1232667,41533,255
2007-05,Bilbao,0.0,435287,1468362,1027255,54427,290
2007-06,Bilbao,0.0,403296,1674471,1170414,56401,244
2007-07,Bilbao,0.0,403370,1946512,943755,44721,220
2007-08,Bilbao,0.0,458498,1683053,1200218,50205,221
2007-09,Bilbao,0.0,456502,1934961,1344683,47015,253
2007-10,Bilbao,0.0,643773,1701258,1092380,39657,251
2007-11,Bilbao,10.9,496861,1633178,1070359,45943,242
2007-12,Bilbao,9.3,542473,1867485,1047208,42556,223
2008-01,Bilbao,7.2,584747,1722378,1437331,50609,237
2008-02,Bilbao,14.2,517039,1710528,1054635,35933,205
2008-03,Bilbao,0.0,551706,1608741,1055990,43137,239
2008-04,Bilbao,0.0,418753,1443946,1022521,57674,228
2008-05,Bilbao,0.0,416668,1637040,1095993,43549,251
2008-06,Bilbao,0.0,406033,1623633,1264603,46414,251
2008-07,Bilbao,0.0,419992,1287266,1051837,36680,242
2008-08,Bilbao,0.0,378775,1576476,817480,34270,221
2008-09,Bilbao,0.0,499182,1504705,1080410,45496,244
2008-10,Bilbao,5.6,500211,1801889,1116620,45715,278
2008-11,Bilbao,8.9,531066,1547380,1227698,54009,245
2008-12,Bilbao,12.8,395828,1636018,1054882,41514,219
2009-01,Bilbao,13.1,451079,1343402,798754,25320,230
2009-02,Bilbao,11.4,286283,1535931,936905,32285,189
2009-03,Bilbao,2.6,378187,1183006,887801,40092,200
2009-04,Bilbao,0.0,388730,1134126,799406,30111,188
2009-05,Bilbao,0.0,378966,1094361,928665,34420,224
2009-06,Bilbao,0.0,272870,1347757,824591,35121,197
2009-07,Bilbao,0.0,280451,1092458,792882,36997,194
2009-08,Bilbao,0.0,371001,1240351,683995,43329,179
2009-09,Bilbao,0.0,344162,1248383,1139310,29938,210
2009-10,Bilbao,4.5,357622,1328840,1203846,45428,243
2009-11,Bilbao,10.4,375174,1364102,1034102,38114,241
2009-12,Bilbao,12.9,515475,1637283,819743,38845,195
2010-01,Bilbao,10.3,424412,1150166,824492,38868,219
2010-02,Bilbao,15.3,445834,1332662,988224,35255,196
2010-03,Bilbao,4.0,357562,1498528,961961,33084,237
2010-04,Bilbao,0.0,395800,1244037,919529,35537,233
2010-05,Bilbao,0.0,284220,1236769,883333,41944,215
2010-06,Bilbao,0.0,443239,1299235,803018,38731,211
2010-07,Bilbao,0.0,387499,1149920,923306,28874,192
2010-08,Bilbao,0.0,334739,1193367,741319,40501,213
2010-09,Bilbao,0.0,379589,1359068,909204,35101,234
2010-10,Bilbao,4.7,396822,1281429,1112771,40414,218
2010-11,Bilbao,7.8,472035,1507621,1162313,40754,187
2010-12,Bilbao,10.9,428249,1497198,770530,40937,195
2011-01,Bilbao,8.8,444324,1253784,811908,33503,223
2011-02,Bilbao,9.2,347018,1184659,896317,36461,233
2011-03,Bilbao,0.0,444826,1571267,1048313,42876,225
2011-04,Bilbao,0.0,380747,1254725,1053565,36921,221
2011-05,Bilbao,0.0,364190,1320409,1005618,42388,253
2011-06,Bilbao,0.0,328954,1491742,831294,38964,214
2011-07,Bilbao,0.0,330651,1226522,861867,41172,180
2011-08,Bilbao,0.0,346193,1156725,743389,39842,215
2011-09,Bilbao,0.0,411574,1155469,970886,43062,230
2011-10,Bilbao,0.0,596406,1509837,823574,43251,201
2011-11,Bilbao,11.0,412451,1696901,996310,37867,221
2011-12,Bilbao,9.9,492666,1177960,1056959,33693,194
2012-01,Bilbao,12.0,450952,1351676,828631,37770,194
2012-02,Bilbao,10.6,348331,1284711,770518,44580,192
2012-03,Bilbao,2.9,350746,1213498,748511,45636,219
2012-04,Bilbao,0.0,381589,1235793,862036,36176,221
2012-05,Bilbao,0.0,367500,1029312,753659,38102,212
2012-06,Bilbao,0.0,308930,1293155,973088,36298,210
2012-07,Bilbao,0.0,305757,1107482,776057,31599,188
2012-08,Bilbao,0.0,347532,1206254,1012433,32196,218
2012-09,Bilbao,0.0,369150,1261681,870647,32427,198
2012-10,Bilbao,0.3,410410,1261969,775484,33013,216
2012-11,Bilbao,14.1,382180,1145139,904247,34652,215
2012-12,Bilbao,12.8,426923,1359330,924689,27551,187
2013-01,Bilbao,10.9,366581,1320410,890118,29868,212
2013-02,Bilbao,12.2,316005,942591,803727,30795,187
2013-03,Bilbao,4.1,411317,1400223,870888,37636,219
2013-04,Bilbao,0.0,355487,1487950,833713,36973,200
2013-05,Bilbao,0.0,295703,996690,1033977,38124,195
2013-06,Bilbao,0.0,377295,1171384,878070,28081,203
2013-07,Bilbao,0.0,297883,1318618,878040,32700,189
2013-08,Bilbao,0.0,311542,922154,897023,38646,169
2013-09,Bilbao,0.0,359429,1080416,950651,34423,202
2013-10,Bilbao,3.3,389936,1440686,791164,44940,215
2013-11,Bilbao,3.9,382450,1288943,934090,36745,231
2013-12,Bilbao,8.2,316372,929935,758539,31069,188
2014-01,Bilbao,6.8,422858,1080855,950307,29089,210
2014-02,Bilbao,11.9,421201,1612117,995603,30597,231
2014-03,Bilbao,0.4,358244,1079675,790715,40892,224
2014-04,Bilbao,0.0,426154,1155702,1015129,33835,215
2014-05,Bilbao,0.0,283184,1127945,1052805,41302,192
2014-06,Bilbao,0.0,309109,1281418,705291,45231,210
2014-07,Bilbao,0.0,297046,1359104,670829,32400,186
2014-08,Bilbao,0.0,338978,1256263,715619,36320,191
2014-09,Bilbao,0.0,376589,1312683,920438,34994,187
2014-10,Bilbao,4.6,345088,1390930,1110690,36539,208
2014-11,Bilbao,13.5,341400,1097230,972374,47910,219
2014-12,Bilbao,12.6,380149,1146078,900200,30891,187
2015-01,Bilbao,7.8,507273,1444538,726042,37114,201
2015-02,Bilbao,9.0,364472,1230909,1151356,34244,209
2015-03,Bilbao,3.7,397953,1175303,1112953,44941,226
2015-04,Bilbao,0.0,305900,1460471,919004,37059,205
2015-05,Bilbao,0.0,336852,1182565,947603,39238,215
2015-06,Bilbao,0.0,304184,1288355,876061,37034,218
2015-07,Bilbao,0.0,379269,1054855,971844,33953,212
2015-08,Bilbao,0.0,381481,1379077,1046184,29833,190
2015-09,Bilbao,0.0,332673,1412269,719816,36127,217
2015-10,Bilbao,6.6,334927,1342133,864288,48179,217
2015-11,Bilbao,6.2,477806,1155160,936266,39912,216
2015-12,Bilbao,11.1,327210,1274365,878583,42366,194
2016-01,Bilbao,10.3,427419,1427995,1002939,33021,226
2016-02,Bilbao,8.7,474414,1395043,1105809,49971,204
2016-03,Bilbao,0.0,431684,1394584,878865,40843,229
2016-04,Bilbao,0.0,348599,1442754,865097,42407,225
2016-05,Bilbao,0.0,351619,1338516,1034092,48641,230
2016-06,Bilbao,0.0,350675,1345541,960501,26272,194
2016-07,Bilbao,0.0,245993,1292022,862744,33841,190
2016-08,Bilbao,0.0,356480,1233651,813642,38524,197
2016-09,Bilbao,0.0,301821,1242252,875229,40840,224
2016-10,Bilbao,5.2,456010,1647097,1139239,41650,239
2016-11,Bilbao,5.7,495429,1409442,884176,44630,222
2016-12,Bilbao,12.2,459857,1181103,827667,34360,200
2017-01,Bilbao,11.8,507371,1263677,937818,32768,260
2017-02,Bilbao,5.9,494438,1083261,896067,51774,197
2017-03,Bilbao,5.7,516012,1990250,998490,43727,208
2017-04,Bilbao,0.0,370324,1526124,1030072,47198,204
2017-05,Bilbao,0.0,347393,1229726,1326353,46974,235
2017-06,Bilbao,0.0,351867,1183586,1115291,43296,220
2017-07,Bilbao,0.0,326153,1175540,755189,40008,215
2017-08,Bilbao,0.0,376110,1380501,886007,29168,208
2017-09,Bilbao,0.0,406860,1687061,1002905,45013,243
2017-10,Bilbao,0.0,422251,1611336,968554,47743,247
2017-11,Bilbao,12.4,489738,1668973,1080523,44638,225
2017-12,Bilbao,13.3,441483,1649965,902731,37693,218
2018-01,Bilbao,10.9,478274,1611000,806390,50110,220
2018-02,Bilbao,9.9,468288,1433994,980633,44507,223
2018-03,Bilbao,0.0,584977,1476905,1069179,48386,255
2018-04,Bilbao,0.0,336288,1658077,943321,43994,222
2018-05,Bilbao,0.0,376322,1214372,1129188,50386,244
2018-06,Bilbao,0.0,468691,1481091,1009540,49727,211
2018-07,Bilbao,0.0,365551,1641301,908483,42771,213
2018-08,Bilbao,0.0,417779,1329812,963329,38904,233
2018-09,Bilbao,0.0,336578,1561444,1099857,41781,218
2018-10,Bilbao,0.0,524571,1605216,995735,43292,254
2018-11,Bilbao,12.3,377316,1341825,1065775,38378,207
2018-12,Bilbao,9.6,465365,1744963,928570,42764,220
2019-01,Bilbao,14.4,457881,1613172,824795,45241,247
2019-02,Bilbao,5.6,458794,1599628,1030449,49749,238
2019-03,Bilbao,3.2,417389,1592561,1063112,35166,256
2019-04,Bilbao,0.0,443021,1683934,899858,48692,237
2019-05,Bilbao,0.0,425330,1403196,938615,45655,219
2019-06,Bilbao,0.0,451677,1668327,975821,46071,238
2019-07,Bilbao,0.0,333712,1433763,886992,42716,195
2019-08,Bilbao,0.0,446652,1415587,966077,49071,197
2019-09,Bilbao,1.4,358812,1440712,1184430,47685,214
2019-10,Bilbao,1.6,376297,1657742,1125362,41377,220
2019-11,Bilbao,10.0,442317,1681763,905171,49268,235
2019-12,Bilbao,16.2,488118,1509615,999318,44309,204
2020-01,Bilbao,8.9,454011,1434654,902055,39128,232
2020-02,Bilbao,10.2,467447,1244344,869260,34858,184
2020-03,Bilbao,5.1,359284,1435976,896251,43184,214
2020-04,Bilbao,0.0,366786,1140382,927732,38712,173
2020-05,Bilbao,0.0,415067,1506599,849601,37265,203
2020-06,Bilbao,0.0,343060,1548970,919947,32812,224
2020-07,Bilbao,0.0,311625,1213555,832455,41840,207
2020-08,Bilbao,0.0,333592,1327033,808239,40348,186
2020-09,Bilbao,1.2,439407,1518285,1041550,44810,213
2020-10,Bilbao,1.8,352167,1493951,1040376,46397,210
2020-11,Bilbao,5.0,441977,1422456,995683,36161,177
2020-12,Bilbao,10.6,415577,1663795,866851,34485,167
2021-01,Bilbao,12.8,511702,1778892,969417,45018,223
2021-02,Bilbao,11.2,388592,1530099,915910,43627,188
2021-03,Bilbao,0.0,434259,1392514,1108765,55473,213
2021-04,Bilbao,3.1,378849,1573178,1032085,31978,225
2021-05,Bilbao,0.0,335213,1483506,966087,47544,224
2021-06,Bilbao,0.0,359233,1563958,1034843,34609,229
2021-07,Bilbao,0.0,356701,1579279,764863,34447,198
2021-08,Bilbao,0.0,434586,1507320,989372,40262,201
2021-09,Bilbao,0.0,359286,1500592,890183,49153,252
2021-10,Bilbao,0.0,432080,1472701,1049917,46523,208
2021-11,Bilbao,5.7,457432,1832329,1038274,54450,198
2021-12,Bilbao,6.2,502067,1285632,790284,36916,181
2022-01,Bilbao,7.1,391677,1834338,830508,36735,228
2022-02,Bilbao,7.6,443368,1674742,1172914,37715,220
2022-03,Bilbao,2.6,390364,1581149,959310,52603,225
2022-04,Bilbao,0.0,422644,1416731,869413,39853,200
2022-05,Bilbao,0.0,304215,1654168,1125783,49808,235
2022-06,Bilbao,0.0,341398,1700885,903444,45753,209
2022-07,Bilbao,0.0,343565,1514875,894661,42817,180
2022-08,Bilbao,0.0,329535,1291814,901047,41461,214
2022-09,Bilbao,0.0,423512,1295379,1156405,47217,235
2022-10,Bilbao,0.4,425068,1302852,962113,53647,238
2022-11,Bilbao,11.5,463798,1761549,1071910,39477,210
2022-12,Bilbao,12.3,370856,1821518,852492,42914,206
2023-01,Bilbao,9.2,356790,1779406,827412,33839,212
2023-02,Bilbao,4.0,341939,1807838,943060,36288,236
2023-03,Bilbao,0.4,370635,1461161,893083,34653,202
2023-04,Bilbao,0.0,350134,1180507,1061234,45390,200
2023-05,Bilbao,0.0,349709,1436316,1092452,48665,205
2023-06,Bilbao,0.0,289669,1553000,872861,39559,204
2023-07,Bilbao,0.0,264947,1112053,881341,35551,179
2023-08,Bilbao,0.0,344505,1326032,771634,39724,202
2023-09,Bilbao,0.0,372523,1486592,825068,46269,215
2023-10,Bilbao,2.3,442685,1398925,1165272,39521,231
2023-11,Bilbao,8.6,323358,1433862,1065221,40156,231
2023-12,Bilbao,10.9,443106,1074308,1101362,45385,173
2024-01,Bilbao,11.1,455857,1684837,950127,38441,224
2024-02,Bilbao,9.8,430252,1550976,759909,48881,216
2024-03,Bilbao,6.3,322805,1703864,959790,38185,233
2024-04,Bilbao,0.0,337934,1633569,934844,47117,220
2024-05,Bilbao,0.0,425651,1269702,836813,43104,205
2024-06,Bilbao,0.0,310025,1282024,951964,43026,212
2024-07,Bilbao,0.0,322578,1632626,862851,40532,204
2024-08,Bilbao,0.0,315406,1674098,828589,42025,186
2024-09,Bilbao,0.0,468715,1483104,799056,54280,246
2024-10,Bilbao,0.0,428133,1733769,1107172,38826,223
2024-11,Bilbao,11.6,368967,1748007,939811,44800,213
2024-12,Bilbao,13.2,413677,1553424,919074,40783,198
