Boya,Fecha,Mes,Estacion,Prioridad_Hs_2027,Hs_media_prevista_m,P10_m,P90_m,Hs_P95_historico_m,Horas_historicas_Hs_ge_3_pct,Sector_historico_predominante,Frecuencia_sector_pct,MAE_validacion_m,Metodo
Bilbao costera,2027-11-01,Noviembre,Otoño,1,1.99,1.72,2.37,3.9,15.15,NO,83.73,0.17,Holt-Winters aditivo amortiguado
Bilbao costera,2027-12-01,Diciembre,Invierno,2,1.98,1.7,2.35,4.05,14.98,NO,76.96,0.17,Holt-Winters aditivo amortiguado
Bilbao costera,2027-01-01,Enero,Invierno,3,1.94,1.67,2.32,4.04,15.77,NO,79.34,0.17,Holt-Winters aditivo amortiguado
Bilbao costera,2027-02-01,Febrero,Invierno,4,1.77,1.5,2.15,3.59,10.84,NO,69.68,0.17,Holt-Winters aditivo amortiguado
Bilbao costera,2027-03-01,Marzo,Primavera,5,1.6,1.33,1.97,3.29,7.49,NO,73.29,0.17,Holt-Winters aditivo amortiguado
Bilbao costera,2027-10-01,Octubre,Otoño,6,1.34,1.07,1.72,2.83,3.63,NO,78.62,0.17,Holt-Winters aditivo amortiguado
Bilbao costera,2027-04-01,Abril,Primavera,7,1.27,1.0,1.65,2.52,2.25,NO,71.07,0.17,Holt-Winters aditivo amortiguado
Bilbao costera,2027-09-01,Septiembre,Otoño,8,1.26,0.99,1.63,2.41,1.13,NO,74.8,0.17,Holt-Winters aditivo amortiguado
Bilbao costera,2027-05-01,Mayo,Primavera,9,1.16,0.89,1.54,2.29,1.38,NO,75.4,0.17,Holt-Winters aditivo amortiguado
Bilbao costera,2027-08-01,Agosto,Verano,10,1.1,0.83,1.47,2.04,0.59,NO,76.1,0.17,Holt-Winters aditivo amortiguado
Bilbao costera,2027-06-01,Junio,Verano,11,1.03,0.76,1.41,1.91,0.31,NO,75.21,0.17,Holt-Winters aditivo amortiguado
Bilbao costera,2027-07-01,Julio,Verano,12,1.02,0.75,1.4,1.85,0.19,NO,77.34,0.17,Holt-Winters aditivo amortiguado
Bilbao-Vizcaya,2027-02-01,Febrero,Invierno,1,2.84,2.08,3.12,5.75,36.66,NO,69.8,0.29,Holt-Winters aditivo amortiguado
Bilbao-Vizcaya,2027-01-01,Enero,Invierno,2,2.79,2.04,3.08,5.8,35.16,NO,72.12,0.29,Holt-Winters aditivo amortiguado
Bilbao-Vizcaya,2027-12-01,Diciembre,Invierno,3,2.61,1.86,2.9,5.42,32.13,NO,65.61,0.29,Holt-Winters aditivo amortiguado
Bilbao-Vizcaya,2027-11-01,Noviembre,Otoño,4,2.49,1.73,2.77,4.89,28.59,NO,68.5,0.29,Holt-Winters aditivo amortiguado
Bilbao-Vizcaya,2027-03-01,Marzo,Primavera,5,2.4,1.64,2.68,4.99,24.26,NO,69.54,0.29,Holt-Winters aditivo amortiguado
Bilbao-Vizcaya,2027-10-01,Octubre,Otoño,6,1.89,1.13,2.17,3.83,12.51,NO,66.09,0.29,Holt-Winters aditivo amortiguado
Bilbao-Vizcaya,2027-04-01,Abril,Primavera,7,1.74,0.98,2.02,3.61,9.72,NO,66.4,0.29,Holt-Winters aditivo amortiguado
Bilbao-Vizcaya,2027-09-01,Septiembre,Otoño,8,1.61,0.85,1.89,3.31,7.27,NO,70.39,0.29,Holt-Winters aditivo amortiguado
Bilbao-Vizcaya,2027-05-01,Mayo,Primavera,9,1.52,0.76,1.8,3.1,5.69,NO,72.17,0.29,Holt-Winters aditivo amortiguado
Bilbao-Vizcaya,2027-08-01,Agosto,Verano,10,1.36,0.61,1.65,2.65,2.92,NO,76.91,0.29,Holt-Winters aditivo amortiguado
Bilbao-Vizcaya,2027-06-01,Junio,Verano,11,1.31,0.56,1.6,2.51,2.29,NO,72.29,0.29,Holt-Winters aditivo amortiguado
Bilbao-Vizcaya,2027-07-01,Julio,Verano,12,1.27,0.52,1.56,2.42,1.84,NO,79.3,0.29,Holt-Winters aditivo amortiguado
Cabo de Peñas,2027-02-01,Febrero,Invierno,1,2.99,2.4,3.17,5.98,40.37,NO,72.67,0.28,Holt-Winters aditivo amortiguado
Cabo de Peñas,2027-01-01,Enero,Invierno,2,2.88,2.29,3.05,5.7,35.58,NO,72.48,0.28,Holt-Winters aditivo amortiguado
Cabo de Peñas,2027-12-01,Diciembre,Invierno,3,2.74,2.15,2.91,5.42,35.77,NO,69.23,0.28,Holt-Winters aditivo amortiguado
Cabo de Peñas,2027-11-01,Noviembre,Otoño,4,2.63,2.05,2.81,4.85,34.45,NO,72.28,0.28,Holt-Winters aditivo amortiguado
Cabo de Peñas,2027-03-01,Marzo,Primavera,5,2.49,1.9,2.67,4.68,26.94,NO,65.0,0.28,Holt-Winters aditivo amortiguado
Cabo de Peñas,2027-10-01,Octubre,Otoño,6,1.98,1.39,2.16,3.79,14.12,NO,70.06,0.28,Holt-Winters aditivo amortiguado
Cabo de Peñas,2027-04-01,Abril,Primavera,7,1.88,1.29,2.06,3.57,10.67,NO,59.47,0.28,Holt-Winters aditivo amortiguado
Cabo de Peñas,2027-09-01,Septiembre,Otoño,8,1.68,1.1,1.86,3.18,6.71,NO,62.66,0.28,Holt-Winters aditivo amortiguado
Cabo de Peñas,2027-05-01,Mayo,Primavera,9,1.64,1.05,1.82,3.15,6.21,NO,62.85,0.28,Holt-Winters aditivo amortiguado
Cabo de Peñas,2027-08-01,Agosto,Verano,10,1.43,0.84,1.6,2.62,2.66,NO,63.11,0.28,Holt-Winters aditivo amortiguado
Cabo de Peñas,2027-06-01,Junio,Verano,11,1.39,0.8,1.57,2.59,2.27,NO,63.66,0.28,Holt-Winters aditivo amortiguado
Cabo de Peñas,2027-07-01,Julio,Verano,12,1.35,0.76,1.53,2.45,1.7,NO,67.11,0.28,Holt-Winters aditivo amortiguado
Gijón costera,2027-11-01,Noviembre,Otoño,1,2.15,1.77,2.37,4.04,17.95,NO,62.56,0.19,Holt-Winters aditivo amortiguado
Gijón costera,2027-12-01,Diciembre,Invierno,2,2.1,1.73,2.32,4.31,17.09,NO,59.44,0.19,Holt-Winters aditivo amortiguado
Gijón costera,2027-01-01,Enero,Invierno,3,2.09,1.72,2.31,4.16,17.68,NO,58.52,0.19,Holt-Winters aditivo amortiguado
Gijón costera,2027-02-01,Febrero,Invierno,4,2.08,1.7,2.3,3.98,17.18,NO,57.15,0.19,Holt-Winters aditivo amortiguado
Gijón costera,2027-03-01,Marzo,Primavera,5,1.84,1.46,2.05,3.4,10.04,NO,55.0,0.19,Holt-Winters aditivo amortiguado
Gijón costera,2027-10-01,Octubre,Otoño,6,1.57,1.19,1.79,3.1,5.73,NO,57.66,0.19,Holt-Winters aditivo amortiguado
Gijón costera,2027-04-01,Abril,Primavera,7,1.51,1.13,1.73,2.82,3.53,NO,53.51,0.19,Holt-Winters aditivo amortiguado
Gijón costera,2027-09-01,Septiembre,Otoño,8,1.42,1.04,1.64,2.59,2.07,NO,53.4,0.19,Holt-Winters aditivo amortiguado
Gijón costera,2027-05-01,Mayo,Primavera,9,1.32,0.94,1.53,2.52,1.91,NO,54.18,0.19,Holt-Winters aditivo amortiguado
Gijón costera,2027-08-01,Agosto,Verano,10,1.21,0.84,1.43,2.19,0.58,NO,57.68,0.19,Holt-Winters aditivo amortiguado
Gijón costera,2027-06-01,Junio,Verano,11,1.14,0.76,1.36,2.15,0.63,NO,57.96,0.19,Holt-Winters aditivo amortiguado
Gijón costera,2027-07-01,Julio,Verano,12,1.13,0.75,1.34,2.03,0.35,NO,61.53,0.19,Holt-Winters aditivo amortiguado
