Boya,Fecha,Mes,Estacion,Prioridad_Hs_2027,Hs_media_prevista_m,P10_m,P90_m,Hs_P95_historico_m,Horas_historicas_Hs_ge_3_pct,Sector_historico_predominante,Frecuencia_sector_pct,MAE_validacion_m,Metodo,Interpretacion
Bilbao costera,2027-11-01,Noviembre,Otoño,1,1.99,1.72,2.37,3.9,15.15,NO,83.73,0.17,Holt-Winters aditivo amortiguado,Prioridad 1: Noviembre; Hs prevista 1.99 m; sector histórico dominante NO (84 %).
Bilbao costera,2027-12-01,Diciembre,Invierno,2,1.98,1.7,2.35,4.05,14.98,NO,76.96,0.17,Holt-Winters aditivo amortiguado,Prioridad 2: Diciembre; Hs prevista 1.98 m; sector histórico dominante NO (77 %).
Bilbao costera,2027-01-01,Enero,Invierno,3,1.94,1.67,2.32,4.04,15.77,NO,79.34,0.17,Holt-Winters aditivo amortiguado,Prioridad 3: Enero; Hs prevista 1.94 m; sector histórico dominante NO (79 %).
Bilbao-Vizcaya,2027-02-01,Febrero,Invierno,1,2.84,2.08,3.12,5.75,36.66,NO,69.8,0.29,Holt-Winters aditivo amortiguado,Prioridad 1: Febrero; Hs prevista 2.84 m; sector histórico dominante NO (70 %).
Bilbao-Vizcaya,2027-01-01,Enero,Invierno,2,2.79,2.04,3.08,5.8,35.16,NO,72.12,0.29,Holt-Winters aditivo amortiguado,Prioridad 2: Enero; Hs prevista 2.79 m; sector histórico dominante NO (72 %).
Bilbao-Vizcaya,2027-12-01,Diciembre,Invierno,3,2.61,1.86,2.9,5.42,32.13,NO,65.61,0.29,Holt-Winters aditivo amortiguado,Prioridad 3: Diciembre; Hs prevista 2.61 m; sector histórico dominante NO (66 %).
Cabo de Peñas,2027-02-01,Febrero,Invierno,1,2.99,2.4,3.17,5.98,40.37,NO,72.67,0.28,Holt-Winters aditivo amortiguado,Prioridad 1: Febrero; Hs prevista 2.99 m; sector histórico dominante NO (73 %).
Cabo de Peñas,2027-01-01,Enero,Invierno,2,2.88,2.29,3.05,5.7,35.58,NO,72.48,0.28,Holt-Winters aditivo amortiguado,Prioridad 2: Enero; Hs prevista 2.88 m; sector histórico dominante NO (72 %).
Cabo de Peñas,2027-12-01,Diciembre,Invierno,3,2.74,2.15,2.91,5.42,35.77,NO,69.23,0.28,Holt-Winters aditivo amortiguado,Prioridad 3: Diciembre; Hs prevista 2.74 m; sector histórico dominante NO (69 %).
Gijón costera,2027-11-01,Noviembre,Otoño,1,2.15,1.77,2.37,4.04,17.95,NO,62.56,0.19,Holt-Winters aditivo amortiguado,Prioridad 1: Noviembre; Hs prevista 2.15 m; sector histórico dominante NO (63 %).
Gijón costera,2027-12-01,Diciembre,Invierno,2,2.1,1.73,2.32,4.31,17.09,NO,59.44,0.19,Holt-Winters aditivo amortiguado,Prioridad 2: Diciembre; Hs prevista 2.10 m; sector histórico dominante NO (59 %).
Gijón costera,2027-01-01,Enero,Invierno,3,2.09,1.72,2.31,4.16,17.68,NO,58.52,0.19,Holt-Winters aditivo amortiguado,Prioridad 3: Enero; Hs prevista 2.09 m; sector histórico dominante NO (59 %).
